{"cameraMode":{"drawMode":0,"name":"Shaded","section":"Shading Mode"},"sceneLighting":false,"audioPlay":false,"sceneViewState":{"showFog":true,"showMaterialUpdate":false,"showSkybox":true,"showFlares":true,"showImageEffects":true,"showParticleSystems":true},"in2DMode":false,"pivot":{"x":82.10531616210938,"y":92.79470825195313,"z":4.164520263671875},"rotation":{"x":0.0011868776055052877,"y":-0.13729315996170045,"z":-0.00010622569243423641,"w":-0.9906191229820252},"size":83.88188934326172,"orthographic":false}