{"cameraMode":{"drawMode":0,"name":"Shaded","section":"Shading Mode"},"sceneLighting":false,"audioPlay":false,"sceneViewState":{"showFog":true,"showMaterialUpdate":false,"showSkybox":true,"showFlares":true,"showImageEffects":true,"showParticleSystems":true},"in2DMode":false,"pivot":{"x":72.7707748413086,"y":59.560035705566409,"z":0.7946624755859375},"rotation":{"x":-0.09290758520364762,"y":-0.07581191509962082,"z":0.0071566118858754639,"w":-0.9928476214408875},"size":123.90070343017578,"orthographic":false}