{"cameraMode":{"drawMode":0,"name":"Shaded","section":"Shading Mode"},"sceneLighting":false,"audioPlay":false,"sceneViewState":{"showFog":true,"showMaterialUpdate":false,"showSkybox":false,"showFlares":true,"showImageEffects":true,"showParticleSystems":true},"in2DMode":false,"pivot":{"x":0.014346599578857422,"y":-0.5310566425323486,"z":-0.24271488189697267},"rotation":{"x":-0.23258402943611146,"y":0.09233207255601883,"z":-0.022176191210746766,"w":-0.9679670929908752},"size":6.457885265350342,"orthographic":false}