{"cameraMode":{"drawMode":0,"name":"Shaded","section":"Shading Mode"},"sceneLighting":false,"audioPlay":false,"sceneViewState":{"showFog":true,"showMaterialUpdate":false,"showSkybox":true,"showFlares":true,"showImageEffects":true,"showParticleSystems":true},"in2DMode":false,"pivot":{"x":-33.886322021484378,"y":58.70188903808594,"z":54.971580505371097},"rotation":{"x":-0.16873493790626527,"y":-0.4204438328742981,"z":0.0799645259976387,"w":-0.8879954218864441},"size":147.11126708984376,"orthographic":false}