{"cameraMode":{"drawMode":0,"name":"Shaded","section":"Shading Mode"},"sceneLighting":true,"audioPlay":false,"sceneViewState":{"showFog":true,"showMaterialUpdate":false,"showSkybox":true,"showFlares":true,"showImageEffects":true,"showParticleSystems":true},"in2DMode":false,"pivot":{"x":-1.7110013961791993,"y":0.35280895233154299,"z":2.0299363136291506},"rotation":{"x":-0.10727858543395996,"y":0.838961660861969,"z":-0.17908990383148194,"w":-0.5025554299354553},"size":13.608617782592774,"orthographic":false}